,0,1,accuracy,macro avg,weighted avg
precision,0.0,0.9969984992496248,0.9969984992496248,0.4984992496248124,0.9940060075060042
recall,0.0,1.0,0.9969984992496248,0.5,0.9969984992496248
f1-score,0.0,0.998496993987976,0.9969984992496248,0.499248496993988,0.9955000045112736
support,6.0,1993.0,0.9969984992496248,1999.0,1999.0
